City_ID,City,Country,Lat,Lng,Max Temp,Humidity,Cloudiness,Wind Speed,Current Description
0,Busselton,AU,-33.65,115.3333,50.94,89,23,4.54,few clouds
1,Victoria,HK,22.2855,114.1577,88.18,81,50,5.99,scattered clouds
2,Koboko,UG,3.4136,30.9599,64.8,95,42,3.65,light rain
3,Deputatskiy,RU,69.3,139.9,26.4,89,76,4.12,broken clouds
4,Udachnyy,RU,66.4167,112.4,30.45,86,87,24.23,overcast clouds
5,Mataura,NZ,-46.1927,168.8643,36.12,98,88,3.58,overcast clouds
6,Smithers,CA,54.7804,-127.1743,41.32,100,75,3.44,broken clouds
7,Saint-Philippe,RE,-21.3585,55.7679,71.19,82,39,15.39,light rain
8,Thompson,CA,55.7435,-97.8558,57.36,62,40,6.91,scattered clouds
9,Arlit,NE,18.7369,7.3853,96.03,27,85,18.92,overcast clouds
10,New Norfolk,AU,-42.7826,147.0587,47.7,78,97,2.77,overcast clouds
11,Rikitea,PF,-23.1203,-134.9692,72.59,74,0,19.01,clear sky
12,Cap-Aux-Meules,CA,47.3821,-61.8597,57.25,62,20,27.63,few clouds
13,Hanzhong,CN,33.0728,107.0303,66.34,96,99,0.56,overcast clouds
14,Lagoa,PT,39.05,-27.9833,73.49,82,23,8.01,few clouds
15,Warwick,US,41.7001,-71.4162,70.92,51,20,5.75,few clouds
16,Chokurdakh,RU,70.6333,147.9167,30.79,78,57,7.02,broken clouds
17,Port Alfred,ZA,-33.5906,26.891,61.18,96,84,4.0,moderate rain
18,Yellowknife,CA,62.456,-114.3525,45.12,93,100,11.5,overcast clouds
19,Castro,BR,-24.7911,-50.0119,62.53,51,21,10.11,few clouds
20,Dar Es Salaam,TZ,-6.8235,39.2695,77.38,69,20,10.36,few clouds
21,Morondava,MG,-20.2833,44.2833,74.88,82,0,12.24,clear sky
22,Tres Arroyos,AR,-38.3739,-60.2798,73.13,42,100,17.25,overcast clouds
23,Alugan,PH,12.2188,125.4808,79.07,85,99,6.91,overcast clouds
24,Taoudenni,ML,22.6783,-3.9836,106.3,10,0,9.93,clear sky
25,Cape Town,ZA,-33.9258,18.4232,59.41,65,75,10.36,broken clouds
26,Norman Wells,CA,65.282,-126.8329,44.64,81,20,8.05,few clouds
27,Butaritari,KI,3.0707,172.7902,81.88,66,47,12.75,scattered clouds
28,Hobart,AU,-42.8794,147.3294,48.06,85,100,8.05,overcast clouds
29,Hilo,US,19.7297,-155.09,85.28,78,0,8.05,clear sky
30,Banda Aceh,ID,5.5577,95.3222,79.03,79,21,13.2,few clouds
31,Port Elizabeth,ZA,-33.918,25.5701,62.89,88,0,12.66,clear sky
32,Przeworsk,PL,50.0591,22.4941,56.64,57,97,6.33,overcast clouds
33,Bongouanou,CI,6.6486,-4.1992,76.87,92,82,2.93,light rain
34,Severo-Kurilsk,RU,50.6789,156.125,49.28,88,20,11.25,few clouds
35,Waipawa,NZ,-41.4122,175.5153,41.05,90,61,4.97,broken clouds
36,Ushuaia,AR,-54.8,-68.3,42.46,65,40,27.63,scattered clouds
37,Vila Velha,BR,-20.3297,-40.2925,66.15,86,100,10.0,overcast clouds
38,Leningradskiy,RU,69.3833,178.4167,33.93,99,100,17.81,snow
39,Arraial Do Cabo,BR,-22.9661,-42.0278,73.36,56,40,14.97,scattered clouds
40,Albany,US,42.6001,-73.9662,66.72,66,89,3.18,overcast clouds
41,Bengkulu,ID,-3.8004,102.2655,75.24,91,98,4.03,overcast clouds
42,Georgetown,MY,5.4112,100.3354,82.33,88,20,3.44,few clouds
43,Barra Do Garcas,BR,-15.89,-52.2567,95.58,34,0,11.5,clear sky
44,Laguna,US,38.421,-121.4238,69.96,70,0,8.05,clear sky
45,Kyaikto,MM,17.3,97.0167,76.69,94,100,5.44,overcast clouds
46,Chuy,UY,-33.6971,-53.4616,67.33,56,98,15.59,overcast clouds
47,Puerto Ayora,EC,-0.7393,-90.3518,71.56,87,84,3.0,broken clouds
48,Chapais,CA,49.7834,-74.8492,56.98,37,96,6.89,overcast clouds
49,Lorengau,PG,-2.0226,147.2712,81.01,77,69,5.23,broken clouds
50,Mahebourg,MU,-20.4081,57.7,71.89,78,40,16.11,scattered clouds
51,Lebu,CL,-37.6167,-73.65,45.66,74,100,14.61,overcast clouds
52,Ketchikan,US,55.3422,-131.6461,48.67,100,40,5.75,scattered clouds
53,Atuona,PF,-9.8,-139.0333,77.25,69,35,21.27,scattered clouds
54,Jutai,BR,-5.1833,-68.9,97.68,35,60,0.72,broken clouds
55,Ribeira Grande,PT,38.5167,-28.7,75.6,88,75,12.66,light intensity shower rain
56,Ponta Do Sol,PT,32.6667,-17.1,81.01,78,26,10.38,scattered clouds
57,Bluff,NZ,-46.6,168.3333,41.83,85,96,7.05,overcast clouds
58,Souillac,MU,-20.5167,57.5167,71.98,78,40,16.11,light rain
59,Kapaa,US,22.0752,-159.319,73.38,83,0,10.36,clear sky
60,Jacareacanga,BR,-6.2222,-57.7528,102.87,23,33,5.44,scattered clouds
61,Bethel,US,41.3712,-73.414,70.36,61,75,5.75,broken clouds
62,Qui Nhon,VN,13.7667,109.2333,76.91,93,76,10.54,broken clouds
63,Vostok,RU,46.4856,135.8833,52.95,97,100,2.84,overcast clouds
64,Sept-Iles,CA,50.2001,-66.3821,60.06,52,75,16.11,broken clouds
65,Hermanus,ZA,-34.4187,19.2345,54.81,76,100,7.78,overcast clouds
66,Saint George,US,37.1041,-113.5841,75.43,48,0,3.0,clear sky
67,Upernavik,GL,72.7868,-56.1549,35.92,61,38,19.51,scattered clouds
68,Tuktoyaktuk,CA,69.4541,-133.0374,41.0,93,75,12.66,broken clouds
69,Gualaceo,EC,-2.9,-78.7833,69.46,80,90,6.44,light rain
70,Dalby,AU,-27.1833,151.2667,50.99,71,0,10.11,clear sky
71,Nouadhibou,MR,20.931,-17.0347,78.78,65,4,21.85,sand
72,Najran,SA,17.4924,44.1277,90.25,23,59,6.24,broken clouds
73,Zalantun,CN,48.0,122.7167,47.08,67,1,15.75,clear sky
74,Mmabatho,ZA,-25.85,25.6333,75.16,20,0,5.75,clear sky
75,Khatanga,RU,71.9667,102.5,25.65,90,48,7.96,scattered clouds
76,East London,ZA,-33.0153,27.9116,61.74,94,75,5.75,thunderstorm with light rain
77,Pevek,RU,69.7008,170.3133,33.62,99,100,19.13,overcast clouds
78,Dikson,RU,73.5069,80.5464,33.06,79,82,12.91,broken clouds
79,Caravelas,BR,-17.7125,-39.2481,68.13,87,90,13.67,overcast clouds
80,Saldanha,ZA,-33.0117,17.9442,57.25,78,100,15.9,overcast clouds
81,Maniitsoq,GL,65.4167,-52.9,45.68,89,100,6.38,overcast clouds
82,Cidreira,BR,-30.1811,-50.2056,64.6,69,0,16.11,clear sky
83,High Prairie,CA,55.4334,-116.4858,52.16,79,99,3.78,overcast clouds
84,Caraquet,CA,47.7941,-64.9386,59.54,48,5,18.39,clear sky
85,Punta Arenas,CL,-53.15,-70.9167,44.71,42,0,16.11,clear sky
86,Havre-Saint-Pierre,CA,50.2334,-63.5986,50.0,55,80,20.04,broken clouds
87,Turukhansk,RU,65.8167,87.9833,40.86,96,100,10.42,light rain
88,Maragogi,BR,-9.0122,-35.2225,78.78,69,26,9.86,scattered clouds
89,Pisco,PE,-13.7,-76.2167,66.25,68,0,13.8,clear sky
90,Sakakah,SA,29.9697,40.2064,98.17,15,0,11.05,light rain
91,Lindi,TZ,-10.0,39.7167,73.54,78,64,7.31,broken clouds
92,Alice Springs,AU,-23.7,133.8833,57.22,26,0,5.75,clear sky
93,Qandala,SO,11.472,49.8728,89.37,56,100,2.15,overcast clouds
94,Tuatapere,NZ,-46.1333,167.6833,39.42,89,88,5.95,overcast clouds
95,Sorong,ID,-0.8833,131.25,75.58,88,100,6.13,overcast clouds
96,Vaini,TO,-21.2,-175.2,73.56,88,40,10.36,scattered clouds
97,Airai,TL,-8.9266,125.4092,59.18,69,92,1.52,overcast clouds
98,Sinop,TR,41.7711,34.8709,73.94,48,67,2.77,broken clouds
99,Champerico,GT,14.3,-91.9167,84.74,70,48,3.27,scattered clouds
100,Gizo,SB,-8.103,156.8419,81.97,78,85,10.83,light rain
101,Zapresic,HR,45.8564,15.8078,52.05,84,100,3.94,light rain
102,Sabla,NG,12.7525,4.7077,82.6,70,88,4.54,overcast clouds
103,Linxia,CN,35.6003,103.2064,60.78,71,80,2.44,broken clouds
104,Crib Point,AU,-38.35,145.2,53.89,83,75,24.63,broken clouds
105,Parangan,PH,5.0839,119.9383,82.76,76,99,9.66,light rain
106,Jamestown,US,42.097,-79.2353,78.03,58,20,6.91,few clouds
107,Mattru,SL,7.6244,-11.8332,76.37,93,75,6.15,moderate rain
108,Kodiak,US,57.79,-152.4072,54.91,82,0,13.8,clear sky
109,Bredasdorp,ZA,-34.5322,20.0403,54.88,77,100,7.99,overcast clouds
110,Barcelos,PT,41.5388,-8.6151,85.68,51,100,3.74,overcast clouds
111,Godfrey,US,38.9556,-90.1868,84.67,60,0,13.8,clear sky
112,Saskylakh,RU,71.9167,114.0833,33.19,94,100,14.38,overcast clouds
113,Zig,US,40.127,-92.7663,75.49,64,75,9.22,broken clouds
114,Kelvington,CA,52.1667,-103.5343,60.48,57,26,5.35,scattered clouds
115,Sitka,US,57.0531,-135.33,46.29,100,0,0.0,clear sky
116,King City,US,36.2127,-121.126,67.91,52,0,5.64,clear sky
117,Mount Gambier,AU,-37.8333,140.7667,49.08,83,90,13.2,overcast clouds
118,Meulaboh,ID,4.1363,96.1285,75.72,87,63,2.84,heavy intensity rain
119,Nikolskoye,RU,59.7035,30.7861,53.49,94,94,9.78,overcast clouds
120,Kavaratti,IN,10.5669,72.642,80.58,80,99,11.7,overcast clouds
121,Kosh-Agach,RU,50.0,88.6667,32.27,77,9,3.2,clear sky
122,Newcastle,AU,-32.9272,151.7765,60.82,60,0,18.41,clear sky
123,Marion,US,39.7684,-86.1555,81.41,61,20,10.36,few clouds
124,Kahului,US,20.8947,-156.47,74.84,68,0,6.91,clear sky
125,Bloemfontein,ZA,-29.1211,26.214,71.08,35,0,4.61,clear sky
126,Yima,CN,34.7381,111.8839,72.59,62,67,4.83,broken clouds
127,Wanning,CN,18.8003,110.3967,79.14,81,72,2.86,broken clouds
128,Beira,MZ,-19.8436,34.8389,74.43,81,0,12.3,clear sky
129,Ola,RU,59.5833,151.2833,41.38,54,0,4.76,clear sky
130,Oktyabrskiy,RU,54.4815,53.471,60.12,95,100,10.33,overcast clouds
131,Kieta,PG,-6.2167,155.6333,78.03,84,15,5.68,light rain
132,Daokou,CN,35.5639,114.5058,69.8,64,6,3.65,clear sky
133,Nyurba,RU,63.2842,118.3319,29.7,86,89,7.47,overcast clouds
134,Mar Del Plata,AR,-38.0023,-57.5575,64.42,87,100,25.01,overcast clouds
135,Ariquemes,BR,-9.9133,-63.0408,104.95,23,45,0.81,scattered clouds
136,Bonthe,SL,7.5264,-12.505,79.74,79,63,11.81,light rain
137,Agnibilekrou,CI,7.1344,-3.2047,78.55,81,95,3.71,light rain
138,Gasa,PS,31.5,34.4667,79.88,64,0,12.03,clear sky
139,Kiunga,PG,-6.1219,141.2906,72.66,100,100,1.74,light rain
140,Makakilo City,US,21.3469,-158.0858,73.98,87,100,4.61,overcast clouds
141,Davila,PH,18.4726,120.5763,79.95,80,100,13.82,overcast clouds
142,Fortuna,US,40.5982,-124.1573,60.93,83,100,3.0,overcast clouds
143,Luderitz,NA,-26.6481,15.1594,59.83,77,53,27.65,broken clouds
144,Nhulunbuy,AU,-12.2333,136.7667,74.01,94,28,0.0,scattered clouds
145,Hualmay,PE,-11.0964,-77.6139,67.14,73,34,13.67,scattered clouds
146,Hasaki,JP,35.7333,140.8333,77.4,85,100,11.74,overcast clouds
147,Touros,BR,-5.1989,-35.4608,84.04,59,63,14.34,broken clouds
148,Katsuura,JP,35.1333,140.3,77.02,88,100,11.77,light rain
149,Fonte Boa,BR,-2.4959,-66.2662,93.18,45,98,3.13,overcast clouds
150,Kant,IN,27.8,79.8,75.52,94,46,3.42,scattered clouds
151,Ballina,AU,-28.8667,153.5667,61.02,64,0,8.5,clear sky
152,Esperance,AU,-33.8667,121.9,56.53,78,63,4.83,broken clouds
153,Khani,GE,41.9563,42.9566,69.37,49,19,6.78,few clouds
154,Iqaluit,CA,63.7506,-68.5145,47.93,66,75,15.01,broken clouds
155,Shellbrook,CA,53.2168,-106.4011,49.23,44,100,7.25,overcast clouds
156,Ridgecrest,US,35.6225,-117.6709,77.02,36,0,4.61,clear sky
157,Pastos Bons,BR,-6.6017,-44.0767,102.76,13,90,8.7,overcast clouds
158,Vardo,NO,70.3705,31.1107,46.38,93,100,24.16,overcast clouds
159,Iquitos,PE,-3.7481,-73.2472,84.24,79,20,4.61,few clouds
160,Isangel,VU,-19.55,169.2667,72.91,86,42,10.33,scattered clouds
161,Anzoategui,CO,4.63,-75.0954,68.2,58,91,6.62,overcast clouds
162,Bambous Virieux,MU,-20.3428,57.7575,71.85,78,40,16.11,light rain
163,Miramar,US,25.9873,-80.2323,92.01,70,75,13.8,broken clouds
164,Bairnsdale,AU,-37.8333,147.6167,47.05,81,72,10.96,broken clouds
165,Barrow,US,71.2906,-156.7887,33.82,93,100,26.46,overcast clouds
166,Khasan,RU,42.4308,130.6434,67.28,96,100,3.38,overcast clouds
167,Avarua,CK,-21.2078,-159.775,66.25,100,80,1.14,broken clouds
168,Cap Malheureux,MU,-19.9842,57.6142,71.47,73,0,10.0,light rain
169,Borba,BR,-4.3878,-59.5939,101.57,26,77,3.22,broken clouds
170,Alofi,NU,-19.0595,-169.9187,64.29,94,11,2.3,few clouds
171,Te Anau,NZ,-45.4167,167.7167,36.03,91,95,1.25,overcast clouds
172,Mikkeli,FI,61.6886,27.2723,51.91,93,35,1.14,light rain
173,Linhares,BR,-19.3911,-40.0722,63.63,89,100,7.49,overcast clouds
174,Qaanaaq,GL,77.484,-69.3632,31.35,63,1,5.3,clear sky
175,Bubaque,GW,11.2833,-15.8333,80.17,80,100,11.41,overcast clouds
176,Adrar,MR,20.5022,-10.0711,94.35,19,0,8.9,clear sky
177,Kashi,CN,39.4547,75.9797,72.61,37,75,2.24,broken clouds
178,Codrington,AU,-38.2667,141.9667,50.47,78,94,21.74,overcast clouds
179,Paamiut,GL,61.994,-49.6678,45.1,98,100,5.03,light rain
180,Kohima,IN,25.6667,94.1167,64.74,97,100,1.7,overcast clouds
181,Ashland,US,40.8167,-82.2665,78.22,65,98,10.02,overcast clouds
182,Morant Bay,JM,17.8815,-76.4093,91.02,70,10,9.08,light rain
183,Chara,RU,56.9064,118.2631,39.07,75,100,2.84,overcast clouds
184,Pangnirtung,CA,66.1451,-65.7125,42.8,81,75,10.36,broken clouds
185,Conceicao Do Araguaia,BR,-8.2578,-49.2647,100.8,23,96,7.87,overcast clouds
186,Mecca,SA,21.4267,39.8261,91.18,37,42,4.23,scattered clouds
187,Lavrentiya,RU,65.5833,-171.0,44.2,92,100,14.7,light rain
188,Tasiilaq,GL,65.6145,-37.6368,39.36,96,100,16.08,light rain
189,Lasa,IT,46.6166,10.7002,54.48,68,81,7.18,broken clouds
190,Sao Jose Da Coroa Grande,BR,-8.8978,-35.1478,79.43,66,18,9.8,few clouds
191,Faya,SA,18.3851,42.4509,69.91,53,93,6.06,overcast clouds
192,Valparaiso,CL,-33.0393,-71.6273,57.47,100,100,11.5,overcast clouds
193,Springfield,US,37.2153,-93.2982,82.36,63,0,13.8,clear sky
194,Prince Rupert,CA,54.3161,-130.3201,49.69,98,75,11.5,broken clouds
195,Hamilton,US,39.1834,-84.5333,83.73,62,0,11.5,clear sky
196,Bulungu,CD,-4.55,18.6,82.49,58,94,2.04,overcast clouds
197,Bathsheba,BB,13.2167,-59.5167,88.41,70,40,18.41,scattered clouds
198,Pontianak,ID,-0.0333,109.3333,76.98,88,40,0.0,scattered clouds
199,Portage,US,41.1667,-81.1998,78.66,64,75,6.91,broken clouds
200,Salalah,OM,17.0151,54.0924,80.69,94,75,9.22,broken clouds
201,Tautira,PF,-17.7333,-149.15,76.35,78,58,22.37,light rain
202,Hazorasp,UZ,41.3194,61.0742,66.04,20,48,9.66,scattered clouds
203,Cabo San Lucas,MX,22.8909,-109.9124,91.62,71,59,4.7,broken clouds
204,Port Lincoln,AU,-34.7333,135.8667,54.27,77,100,17.25,overcast clouds
205,Linguere,SN,15.3953,-15.1193,93.4,50,97,9.95,overcast clouds
206,Longyearbyen,SJ,78.2186,15.6401,28.24,80,40,10.36,scattered clouds
207,Vao,NC,-22.6667,167.4833,71.31,69,74,15.84,broken clouds
208,Amurzet,RU,47.6967,131.0981,55.92,98,100,3.83,overcast clouds
209,Waddan,LY,29.1614,16.139,92.03,12,0,7.99,clear sky
210,Olinda,BR,-8.0089,-34.8553,82.13,61,40,12.66,scattered clouds
211,Haines Junction,CA,60.7522,-137.5108,28.35,93,32,3.44,scattered clouds
212,Wasilla,US,61.5814,-149.4394,56.62,84,100,9.22,overcast clouds
213,Russell,US,32.3502,-85.1999,83.37,54,20,8.05,few clouds
214,Taybad,IR,34.74,60.7756,75.07,28,0,17.92,clear sky
215,Pierre,US,44.3683,-100.351,65.32,77,100,11.5,overcast clouds
216,Mitu,CO,1.1983,-70.1733,87.87,56,95,2.13,overcast clouds
217,Urdoma,RU,61.7533,48.5442,49.8,98,100,5.01,overcast clouds
218,Broken Hill,AU,-31.95,141.4333,47.73,76,12,9.17,few clouds
219,Eureka,US,40.8021,-124.1637,61.2,82,100,1.99,overcast clouds
220,Bairiki,KI,1.3292,172.9752,80.6,78,20,5.75,few clouds
221,Svetlaya,RU,46.5389,138.3297,55.99,94,100,8.88,overcast clouds
222,Hit,IQ,33.6416,42.8251,92.05,16,0,11.48,clear sky
223,Kushima,JP,31.4583,131.2333,80.01,91,100,26.02,moderate rain
224,Kruisfontein,ZA,-34.0033,24.7314,58.89,80,95,7.09,overcast clouds
225,Quatre Cocos,MU,-20.2078,57.7625,71.71,79,17,15.01,light rain
226,Szamotuly,PL,52.612,16.5779,59.31,64,98,9.53,overcast clouds
227,Salym,RU,60.0625,71.4789,49.3,68,98,7.47,overcast clouds
228,Nosy Varika,MG,-20.5833,48.5333,69.04,83,1,4.7,clear sky
229,Saint Anthony,US,45.0205,-93.218,75.97,77,75,10.36,broken clouds
230,Vila Franca Do Campo,PT,37.7167,-25.4333,79.21,72,34,8.01,scattered clouds
231,Langsa,ID,4.4683,97.9683,73.53,98,95,3.18,moderate rain
232,Portree,GB,57.4129,-6.1942,53.53,92,100,9.95,overcast clouds
233,Kaitangata,NZ,-46.2817,169.8464,38.77,94,50,3.94,scattered clouds
234,Ruteng,ID,-8.6136,120.4721,61.48,87,100,1.03,overcast clouds
235,Lompoc,US,34.6391,-120.4579,71.56,86,100,14.97,overcast clouds
236,Raymondville,US,26.4815,-97.7831,89.6,51,70,9.95,broken clouds
237,Pietarsaari,FI,63.65,22.6833,50.13,98,100,7.0,overcast clouds
238,Karaton,ID,-6.3424,106.1045,73.9,92,78,1.61,broken clouds
239,Djibo,BF,14.1022,-1.6306,91.85,40,59,10.09,broken clouds
240,Portland,US,45.5234,-122.6762,60.62,84,75,4.61,broken clouds
241,Mayo,US,38.8876,-76.5119,82.13,61,0,6.91,clear sky
242,Ugoofaaru,MV,5.6667,73.0,81.77,73,30,8.46,scattered clouds
243,Port Hardy,CA,50.6996,-127.4199,51.8,93,75,3.44,mist
244,Abu Dhabi,AE,24.4667,54.3667,93.31,56,0,6.91,clear sky
245,Altay,CN,47.8667,88.1167,46.09,36,0,4.36,clear sky
246,Wilmington,US,34.2257,-77.9447,81.86,68,0,5.75,clear sky
247,Sol-Iletsk,RU,51.1631,54.9918,60.49,87,100,11.68,light rain
248,Mednogorsk,RU,51.4128,57.595,59.36,82,100,5.97,overcast clouds
249,Leh,IN,34.1667,77.5833,57.2,32,12,6.46,few clouds
250,Rocha,UY,-34.4833,-54.3333,69.49,51,96,15.77,overcast clouds
251,Tashtyp,RU,52.7939,89.8983,38.55,87,20,2.19,few clouds
252,Nowa Deba,PL,50.4297,21.7508,57.94,62,100,5.75,overcast clouds
253,Basoda,IN,23.85,77.9333,75.47,88,84,6.78,broken clouds
254,Kota Kinabalu,MY,5.9749,116.0724,78.78,83,20,5.01,moderate rain
255,Haimen,CN,23.1935,116.6142,78.69,86,84,6.8,broken clouds
256,Hami,CN,42.8,93.45,68.63,16,52,2.82,broken clouds
257,Zhigansk,RU,66.7697,123.3711,29.84,88,89,10.25,overcast clouds
258,Aksu,CN,41.1231,80.2644,75.63,27,100,6.08,overcast clouds
259,Kendari,ID,-3.945,122.4989,76.26,90,100,0.92,overcast clouds
260,Tocopilla,CL,-22.092,-70.1979,64.83,57,7,5.32,clear sky
261,Sola,VU,-13.8833,167.55,80.87,74,18,20.13,few clouds
262,Lokosovo,RU,61.1333,74.8167,48.02,79,98,8.25,overcast clouds
263,Hithadhoo,MV,-0.6,73.0833,82.22,70,10,7.94,clear sky
264,Dingle,PH,10.9995,122.6711,75.67,89,90,5.21,overcast clouds
265,Henderson,US,36.0397,-114.9819,85.37,25,0,3.44,clear sky
266,Flin Flon,CA,54.7682,-101.865,51.64,82,75,4.61,broken clouds
267,Banfora,BF,10.6333,-4.7667,81.16,77,95,3.91,overcast clouds
268,Brae,GB,60.3964,-1.353,48.58,69,98,17.36,overcast clouds
269,Namibe,AO,-15.1961,12.1522,66.92,85,20,10.67,few clouds
270,Doha,QA,25.2867,51.5333,93.18,38,0,14.97,clear sky
271,Gazojak,TM,41.1875,61.4036,73.9,20,60,10.47,broken clouds
272,Ikom,NG,5.9667,8.7063,75.2,95,61,3.87,moderate rain
273,Hoyanger,NO,61.2204,6.0749,52.48,93,100,5.06,overcast clouds
274,Santa Maria,BR,-29.6842,-53.8069,72.7,49,0,12.66,clear sky
275,Fare,PF,-16.7,-151.0167,78.67,64,69,18.99,broken clouds
276,Igrim,RU,63.1906,64.4162,51.71,59,84,9.1,broken clouds
277,Beyneu,KZ,45.3167,55.2,73.53,28,29,10.09,scattered clouds
278,Husavik,IS,66.0449,-17.3389,45.86,70,99,4.05,overcast clouds
279,Rundu,NA,-17.9333,19.7667,77.52,15,0,3.27,clear sky
280,Bandarbeyla,SO,9.4942,50.8122,77.2,86,70,31.56,broken clouds
281,Catamarca,AR,-28.4696,-65.7852,88.59,19,73,4.0,broken clouds
282,Provideniya,RU,64.3833,-173.3,45.14,92,100,14.14,overcast clouds
283,Nantucket,US,41.2835,-70.0995,69.94,51,0,5.75,clear sky
284,Suhut,TR,38.5311,30.5458,76.98,19,0,7.74,clear sky
285,Kirakira,SB,-10.4544,161.9205,78.89,87,65,10.45,broken clouds
286,Belmonte,BR,-15.8631,-38.8828,79.3,64,81,8.75,broken clouds
287,Ovalle,CL,-30.5983,-71.2003,61.7,58,98,6.78,overcast clouds
288,Itoman,JP,26.1247,127.6694,82.42,89,75,36.82,broken clouds
289,Hurricane,US,37.1753,-113.2899,77.34,29,0,7.81,clear sky
290,Sao Filipe,CV,14.8961,-24.4956,79.56,76,16,8.46,few clouds
291,Geraldton,AU,-28.7667,114.6,52.21,93,0,6.91,clear sky
292,San Cristobal,VE,7.7669,-72.225,84.38,42,96,6.8,overcast clouds
293,Havoysund,NO,70.9963,24.6622,46.63,91,100,30.11,light rain
294,Yenagoa,NG,4.9247,6.2642,78.13,84,99,5.91,light rain
295,Luanda,AO,-8.8368,13.2343,75.2,78,0,4.61,clear sky
296,Kamenka,RU,51.3223,42.7678,59.43,58,78,2.26,broken clouds
297,Liverpool,GB,53.4106,-2.9779,60.62,60,40,16.11,scattered clouds
298,Riyadh,SA,24.6877,46.7219,96.94,13,3,9.98,clear sky
299,Vestmannaeyjar,IS,63.4427,-20.2734,52.79,62,40,5.75,scattered clouds
300,Farafangana,MG,-22.8167,47.8333,68.63,87,36,8.57,light rain
301,Henties Bay,NA,-22.116,14.2845,57.0,91,21,8.16,few clouds
302,La Sarre,CA,48.8002,-79.1996,54.25,67,100,8.88,moderate rain
303,Dandong,CN,40.1292,124.3947,65.95,94,79,3.69,broken clouds
304,Bongandanga,CD,1.5,21.05,73.54,82,74,3.27,broken clouds
305,Sitio Novo Do Tocantins,BR,-5.5183,-47.4611,93.13,52,75,3.44,broken clouds
306,Pokhara,NP,28.2333,83.9833,70.59,83,100,2.68,overcast clouds
307,Sault Sainte Marie,CA,46.5168,-84.3333,73.69,73,20,8.05,few clouds
308,Sao Felix Do Xingu,BR,-6.6447,-51.995,101.21,25,99,4.16,overcast clouds
309,Lat Yao,TH,15.751,99.7893,77.27,87,99,4.59,heavy intensity rain
310,Katghora,IN,22.5,82.55,75.24,93,87,4.25,light rain
311,Hofn,IS,64.2539,-15.2082,46.0,82,100,6.38,overcast clouds
312,Berlevag,NO,70.8578,29.0864,44.6,93,100,26.46,overcast clouds
313,Tiksi,RU,71.6872,128.8694,35.47,98,100,7.52,overcast clouds
314,Sao Joao Da Barra,BR,-21.6403,-41.0511,68.09,58,81,16.67,broken clouds
315,Shushtar,IR,32.0455,48.8567,94.93,11,0,5.03,clear sky
316,Grindavik,IS,63.8424,-22.4338,51.75,76,75,2.3,broken clouds
317,Mago,RU,53.2514,140.1822,46.26,85,84,5.01,broken clouds
318,Carnarvon,AU,-24.8667,113.6333,66.16,78,0,18.03,clear sky
319,Aanekoski,FI,62.6946,25.818,50.68,94,86,4.09,overcast clouds
320,Kataysk,RU,56.289,62.5841,58.95,56,100,11.92,overcast clouds
321,Mbalmayo,CM,3.5167,11.5,69.89,98,81,5.12,light rain
322,Naze,JP,28.3667,129.4833,77.92,87,100,42.14,light rain
323,Nanortalik,GL,60.1432,-45.2371,45.81,86,100,4.85,light rain
324,Tukrah,LY,32.5341,20.5791,78.53,62,0,4.23,clear sky
325,Antalaha,MG,-14.9003,50.2788,68.22,85,2,7.96,light rain
326,Miraflores,MX,19.2167,-98.8083,66.96,72,83,1.28,broken clouds
327,Urumqi,CN,43.801,87.6005,59.95,34,0,4.47,clear sky
328,Itarema,BR,-2.9248,-39.9167,86.23,59,71,18.72,broken clouds
329,Muros,ES,42.7762,-9.0603,77.16,63,100,4.7,overcast clouds
330,Cherskiy,RU,68.75,161.3,31.15,75,100,13.2,overcast clouds
331,Klaksvik,FO,62.2266,-6.589,50.92,74,100,4.97,overcast clouds
332,Umm Lajj,SA,25.0213,37.2685,86.38,57,1,9.26,clear sky
333,Inhambane,MZ,-23.865,35.3833,73.38,94,20,14.0,few clouds
334,Rio Gallegos,AR,-51.6226,-69.2181,48.25,34,20,26.46,few clouds
335,Padang,ID,-0.9492,100.3543,76.26,90,100,3.53,light rain
336,Clyde River,CA,70.4692,-68.5914,34.03,100,100,16.11,light intensity drizzle
337,Asau,RO,46.4333,26.4,56.32,97,100,2.86,overcast clouds
338,Richards Bay,ZA,-28.783,32.0377,68.09,81,24,6.6,few clouds
339,Huarmey,PE,-10.0681,-78.1522,69.55,72,9,13.51,clear sky
340,Baykit,RU,61.67,96.37,42.13,76,80,1.52,light rain
341,Belaya Gora,RU,68.5333,146.4167,33.37,68,55,5.66,broken clouds
342,Ancud,CL,-41.8697,-73.8203,48.22,48,9,4.21,clear sky
343,Santa Isabel Do Rio Negro,BR,-0.4139,-65.0192,96.06,40,55,1.5,broken clouds
344,Matara,LK,5.9485,80.5353,78.39,82,29,10.47,scattered clouds
345,Iskateley,RU,67.6803,53.1512,49.03,81,63,9.04,broken clouds
346,Cururupu,BR,-1.8283,-44.8683,86.32,59,88,7.78,overcast clouds
347,Camrose,CA,53.0168,-112.8353,52.93,60,71,18.61,broken clouds
348,Los Llanos De Aridane,ES,28.6585,-17.9182,75.13,82,20,14.97,few clouds
349,Jalu,LY,29.0331,21.5482,88.36,18,0,8.21,clear sky
350,Gornopravdinsk,RU,60.05,69.9,48.76,64,69,8.99,broken clouds
351,Scottsbluff,US,41.8666,-103.6672,68.77,56,0,4.61,clear sky
352,Alyangula,AU,-13.8483,136.4192,76.64,81,61,5.7,broken clouds
353,Narsaq,GL,60.9167,-46.05,61.02,77,100,2.04,light rain
354,Shizunai,JP,42.3339,142.3669,69.76,95,70,12.01,broken clouds
355,La Ronge,CA,55.1001,-105.2842,55.65,71,75,8.05,broken clouds
356,Hovd,MN,48.0056,91.6419,43.79,57,85,3.02,overcast clouds
357,Novopokrovka,UA,49.8425,36.5477,58.73,68,100,10.96,light rain
358,Marsa Matruh,EG,31.3525,27.2453,79.0,57,0,11.5,clear sky
359,Mnogovershinnyy,RU,53.9353,139.9242,40.35,83,96,3.56,overcast clouds
360,Markova,UA,48.6758,24.4138,51.26,96,100,2.19,overcast clouds
361,Sawakin,SD,19.1059,37.3321,88.27,60,16,7.47,few clouds
362,Znamenskoye,RU,57.1281,73.8282,51.98,64,96,7.25,overcast clouds
363,Hervey Bay,AU,-25.2986,152.8535,64.02,91,1,11.99,clear sky
364,Saint-Francois,FR,46.4154,3.9054,60.24,41,0,13.8,clear sky
365,Marienburg,PL,54.0359,19.0266,56.57,77,94,8.57,light rain
366,Raga,SS,8.4596,25.678,71.08,95,99,2.26,overcast clouds
367,Ust-Tsilma,RU,65.441,52.1498,52.56,78,100,7.31,overcast clouds
368,Yetkul,RU,54.8221,61.588,56.97,87,100,13.98,overcast clouds
369,Gebre Guracha,ET,9.8,38.4,55.85,78,54,3.27,light rain
370,Tateyama,JP,34.9833,139.8667,77.09,94,75,1.14,broken clouds
371,Joetsu,JP,37.1483,138.2364,77.11,78,100,10.96,overcast clouds
372,Pleasanton,US,37.6624,-121.8747,65.98,74,75,17.27,broken clouds
373,Vanimo,PG,-2.6741,141.3028,76.33,89,36,3.49,scattered clouds
374,Sagarejo,GE,41.734,45.3315,75.63,46,79,2.66,broken clouds
375,Pacific Grove,US,36.6177,-121.9166,62.28,81,100,3.44,overcast clouds
376,Aklavik,CA,68.2191,-135.0107,39.2,100,75,6.91,mist
377,Letlhakane,BW,-21.4167,25.5833,74.46,16,0,7.14,clear sky
378,Ryotsu,JP,38.0833,138.4333,76.35,75,96,5.14,overcast clouds
379,Wajima,JP,37.4,136.9,76.8,78,95,4.54,overcast clouds
380,Luangwa,ZM,-15.6167,30.4167,78.15,33,19,3.09,few clouds
381,Gboko,NG,7.3179,8.9951,72.79,93,100,4.74,light rain
382,Okhotsk,RU,59.3833,143.3,43.63,64,33,2.3,scattered clouds
383,Ampanihy,MG,-24.7,44.75,73.53,49,64,5.91,broken clouds
384,Ginir,ET,7.1333,40.7,68.27,51,94,5.28,overcast clouds
385,Talnakh,RU,69.4865,88.3972,33.21,94,100,12.39,light snow
386,Praia,CV,14.9215,-23.5087,86.54,66,20,16.11,few clouds
387,Nushki,PK,29.5542,66.0215,83.62,13,0,2.01,clear sky
388,Torbay,CA,47.6666,-52.7314,61.88,73,75,25.32,broken clouds
389,Svetlogorsk,BY,52.6333,29.7333,52.39,78,100,7.54,overcast clouds
390,The Pas,CA,53.8251,-101.2541,57.22,58,100,8.05,overcast clouds
391,Binzhou,CN,37.3667,118.0167,68.79,78,7,5.91,clear sky
392,Sungaipenuh,ID,-2.0833,101.3833,65.14,98,100,0.6,overcast clouds
393,Lata,PT,40.1629,-8.3327,85.91,43,87,4.18,overcast clouds
394,Zuwarah,LY,32.9312,12.082,83.19,68,0,13.71,clear sky
395,Porto Novo,BJ,6.4965,2.6036,80.42,75,100,8.32,overcast clouds
396,Saint-Pierre,RE,-21.3393,55.4781,71.28,78,0,23.02,clear sky
397,Korsakov,RU,46.6328,142.7813,53.44,98,100,9.08,overcast clouds
398,Ahipara,NZ,-35.1667,173.1667,46.76,83,5,4.32,clear sky
399,Namatanai,PG,-3.6667,152.4333,78.26,76,97,4.52,overcast clouds
400,Strezhevoy,RU,60.7333,77.5889,47.86,76,100,6.53,overcast clouds
401,Minas,UY,-34.3759,-55.2377,68.18,53,99,18.7,overcast clouds
402,San Policarpo,PH,12.1791,125.5072,79.45,84,97,7.02,overcast clouds
403,Lages,BR,-27.8161,-50.3261,62.64,49,3,8.28,clear sky
404,Silistea,RO,44.3833,25.35,71.51,67,100,7.72,overcast clouds
405,Autazes,BR,-3.5797,-59.1306,98.69,30,85,3.67,overcast clouds
406,Stettler,CA,52.3168,-112.7186,52.75,87,30,16.11,scattered clouds
407,Tochimilco,MX,18.9,-98.5667,64.96,68,85,4.03,overcast clouds
408,Sioux Lookout,CA,50.1001,-91.917,55.47,100,100,3.44,mist
409,Habiganj,BD,24.3833,91.4167,78.71,89,31,5.48,scattered clouds
410,Rantepao,ID,-2.9701,119.8978,67.03,96,100,1.25,overcast clouds
411,Avera,US,33.194,-82.5271,82.54,42,0,8.68,clear sky
412,Timiryazevskiy,RU,56.49,84.8769,44.1,91,70,3.49,broken clouds
413,Plettenberg Bay,ZA,-34.0527,23.3716,58.75,83,100,4.18,light rain
414,Kavieng,PG,-2.5744,150.7967,81.77,72,45,10.22,light rain
415,Santarem,BR,-2.4431,-54.7083,89.73,58,0,12.66,clear sky
416,Herat,AF,34.5,62.0,72.93,29,0,28.59,clear sky
417,Santa Lucia,ES,27.9117,-15.5407,70.92,69,40,9.22,scattered clouds
418,Ilulissat,GL,69.2167,-51.1,42.82,81,75,3.44,broken clouds
419,Mandera,KE,3.9366,41.867,87.46,31,41,11.97,scattered clouds
420,La Troncal,EC,-2.4,-79.3333,91.72,47,49,5.12,light rain
421,Okha,RU,53.5739,142.9478,46.92,82,50,10.0,scattered clouds
422,Paita,PE,-5.0892,-81.1144,71.96,71,17,14.5,few clouds
423,Whitecourt,CA,54.1502,-115.6855,45.64,93,75,11.5,broken clouds
424,Kubrat,BG,43.8,26.5,69.49,68,99,11.68,overcast clouds
425,Oranjestad,AW,12.524,-70.027,85.95,74,40,11.5,scattered clouds
426,Rudbar,AF,30.15,62.6,85.8,13,0,9.75,clear sky
427,Cayenne,GF,4.9333,-52.3333,89.64,62,75,13.8,broken clouds
428,Pombas,CV,17.1503,-25.0201,82.18,74,60,14.09,broken clouds
429,Tual,ID,-5.6667,132.75,80.42,74,100,8.12,overcast clouds
430,Guerrero Negro,MX,27.9769,-114.0611,72.3,69,2,14.61,clear sky
431,Tonekabon,IR,36.8163,50.8738,75.15,74,0,4.0,clear sky
432,Gisborne,NZ,-38.6533,178.0042,47.21,88,67,5.14,broken clouds
433,Neuquen,AR,-38.9516,-68.0591,55.29,41,0,4.61,clear sky
434,Hargeysa,SO,9.56,44.065,80.49,40,91,10.16,light rain
435,Christchurch,NZ,-43.5333,172.6333,47.91,86,100,3.44,overcast clouds
436,Outjo,NA,-20.1167,16.15,80.02,13,1,8.25,clear sky
437,Beringovskiy,RU,63.05,179.3167,39.81,93,100,23.11,light rain
438,Magalia,US,39.8121,-121.5783,70.12,47,9,4.0,clear sky
439,Catio,GW,11.2833,-15.25,82.02,78,100,7.56,overcast clouds
440,Krasnogorsk,RU,55.8225,37.3181,55.45,67,0,8.95,clear sky
441,Hurghada,EG,27.2574,33.8129,87.84,40,0,2.3,clear sky
442,Soyo,AO,-6.1349,12.3689,74.75,80,73,7.76,broken clouds
443,Lengshuijiang,CN,27.6881,111.4294,78.67,56,26,0.98,scattered clouds
444,Warrnambool,AU,-38.3833,142.4833,50.77,82,92,24.63,overcast clouds
445,Dvinskoy,RU,62.1535,45.1175,48.16,96,62,4.65,broken clouds
446,Gayeri,BF,12.6497,0.4931,82.78,71,70,7.67,broken clouds
447,Blagoyevo,RU,63.3667,47.9167,50.72,95,100,8.61,overcast clouds
448,Aden,YE,12.7794,45.0367,89.78,61,79,3.18,broken clouds
449,Camacha,PT,33.0833,-16.3333,74.62,78,40,16.11,scattered clouds
450,Necochea,AR,-38.5473,-58.7368,68.77,55,100,14.58,overcast clouds
451,Thinadhoo,MV,0.5333,72.9333,82.36,67,10,7.11,clear sky
452,Yukhnov,RU,54.7444,35.2297,52.74,71,100,7.14,overcast clouds
453,Port-Cartier,CA,50.0334,-66.8654,60.75,37,14,14.32,few clouds
454,Slave Lake,CA,55.2834,-114.769,49.98,93,100,6.91,overcast clouds
455,Amahai,ID,-3.3333,128.9167,75.09,90,100,2.53,overcast clouds
456,Bafq,IR,31.6128,55.4107,84.38,15,0,9.62,clear sky
457,Maceio,BR,-9.6658,-35.7353,81.84,61,75,12.66,broken clouds
458,Komsomolskiy,UZ,40.4272,71.7189,72.32,37,51,6.91,broken clouds
459,Miri,MY,4.4148,114.0089,78.94,94,40,2.3,scattered clouds
460,Nyimba,ZM,-14.5566,30.8149,80.49,27,85,6.93,overcast clouds
461,Kanniyakumari,IN,8.0833,77.5667,79.21,85,94,17.78,overcast clouds
462,Lajas,PR,18.05,-67.0593,90.34,68,91,14.0,overcast clouds
463,Ixtapa,MX,20.7,-105.2,84.22,78,100,3.0,overcast clouds
464,Shimoda,JP,34.6667,138.95,75.11,91,100,12.46,moderate rain
465,Saeby,DK,57.3319,10.5225,58.96,67,14,7.92,few clouds
466,Chantada,ES,42.6088,-7.7712,70.56,45,100,3.58,overcast clouds
467,Feucht,DE,49.3767,11.2139,53.69,66,0,16.11,clear sky
468,Grimshaw,CA,56.1834,-117.6027,51.42,93,100,11.5,overcast clouds
469,Palmer,US,42.1584,-72.3287,69.57,49,20,4.61,few clouds
470,Noshiro,JP,40.2039,140.0242,71.46,83,97,6.64,overcast clouds
471,Koungou,YT,-12.7336,45.2042,76.71,73,0,4.61,clear sky
472,Bontang,ID,0.1333,117.5,78.94,84,100,3.89,overcast clouds
473,Naldurg,IN,17.8167,76.3,74.39,83,97,14.0,overcast clouds
474,Kutum,SD,14.2,24.6667,74.25,59,87,5.91,overcast clouds
475,Mehamn,NO,71.0357,27.8492,44.55,93,75,18.41,drizzle rain
476,Prince George,CA,53.9166,-122.753,42.24,100,100,10.36,mist
477,Nueve De Julio,AR,-35.4444,-60.8831,76.96,39,100,8.01,overcast clouds
478,Novaya Lyalya,RU,59.055,60.599,55.18,76,98,10.02,overcast clouds
479,Taltal,CL,-25.4,-70.4833,59.34,68,1,5.64,clear sky
480,Zhanaozen,KZ,43.3,52.8,75.38,30,13,8.08,few clouds
481,Nouakchott,MR,18.0858,-15.9785,91.33,58,13,18.12,few clouds
482,Shelburne,CA,44.0787,-80.2041,77.23,61,88,11.56,overcast clouds
483,Sarwar,IN,26.0667,75.0,79.59,64,11,9.55,few clouds
484,Dali,CN,25.7,100.1833,61.99,92,10,2.53,clear sky
485,Muramatsu,JP,37.6833,139.1833,71.22,90,89,6.31,overcast clouds
486,Yamada,JP,39.4667,141.95,71.19,95,99,7.47,overcast clouds
487,Cancun,MX,21.1743,-86.8466,87.06,70,37,9.91,scattered clouds
488,Akdepe,TM,42.0551,59.3788,71.69,32,6,11.21,clear sky
489,Bambanglipuro,ID,-7.95,110.2833,76.26,84,100,5.86,overcast clouds
490,Byron Bay,AU,-28.65,153.6167,60.94,60,0,7.2,clear sky
491,Tarauaca,BR,-8.1614,-70.7656,98.1,31,64,2.42,broken clouds
492,Batticaloa,LK,7.7102,81.6924,81.82,77,69,5.46,broken clouds
493,Coquimbo,CL,-29.9533,-71.3436,56.93,76,100,8.05,overcast clouds
494,Huancavelica,PE,-12.7667,-74.9833,48.22,50,89,5.37,overcast clouds
495,Longhua,CN,23.6137,114.1919,79.09,79,70,1.83,broken clouds
496,Constitucion,CL,-35.3333,-72.4167,50.4,89,100,7.16,overcast clouds
497,Megion,RU,61.0296,76.1136,51.82,71,100,10.0,overcast clouds
498,Pemangkat,ID,1.1667,108.9667,77.59,85,100,3.67,overcast clouds
499,Mvangue,CM,2.9667,11.5167,69.94,97,100,5.08,light rain
500,Inta,RU,66.0317,60.1659,47.75,77,90,6.96,overcast clouds
501,Morgan City,US,29.6994,-91.2068,89.01,58,6,9.4,clear sky
502,Salinopolis,BR,-0.6136,-47.3561,83.57,69,78,12.73,broken clouds
503,Teeli,RU,51.0333,90.2333,38.98,67,9,1.63,clear sky
504,Manglisi,GE,41.697,44.3845,70.39,46,37,4.52,scattered clouds
505,Faanui,PF,-16.4833,-151.75,79.03,63,83,16.93,broken clouds
506,Moron,AR,-34.6534,-58.6198,77.95,54,100,11.59,overcast clouds
507,Wagrowiec,PL,52.8084,17.1996,59.14,63,97,8.77,light rain
508,Viedma,AR,-40.8135,-62.9967,57.45,68,100,15.14,overcast clouds
509,Nanga Eboko,CM,4.6833,12.3667,71.55,94,58,2.35,light rain
510,Thanh Hoa,VN,19.8,105.7667,77.4,92,64,3.11,broken clouds
511,Suez,EG,29.9737,32.5263,81.19,61,0,13.11,clear sky
512,East Hemet,US,33.74,-116.9389,82.2,61,0,3.0,clear sky
513,Marsh Harbour,BS,26.5412,-77.0636,84.78,70,36,14.43,scattered clouds
514,Axim,GH,4.8699,-2.2405,79.18,75,35,7.83,scattered clouds
515,Mbulu,TZ,-3.85,35.5333,64.58,51,38,9.91,scattered clouds
516,Nioro,GM,13.35,-15.75,81.66,79,99,4.16,overcast clouds
517,Yar-Sale,RU,66.8333,70.8333,49.5,70,100,10.04,overcast clouds
518,Hailey,US,43.5196,-114.3153,58.8,61,0,11.5,clear sky
519,Bayangol,RU,50.6977,103.4656,30.65,90,80,3.11,broken clouds
520,Nome,US,64.5011,-165.4064,48.27,87,100,33.38,light rain
521,Port Macquarie,AU,-31.4333,152.9167,54.61,67,1,7.43,clear sky
522,Troitsko-Pechorsk,RU,62.7084,56.1964,51.62,81,96,8.03,overcast clouds
523,Manggar,ID,-2.8833,108.2667,81.64,82,100,9.37,overcast clouds
524,Baltiysk,RU,54.6538,19.911,56.66,76,24,10.87,few clouds
525,Seoul,KR,37.5683,126.9778,74.59,94,0,4.61,clear sky
526,Sarakhs,IR,36.5449,61.1577,77.14,33,0,0.0,clear sky
527,Romilly-Sur-Seine,FR,48.5108,3.7263,62.98,38,21,8.84,few clouds
528,Bol,TD,13.4586,14.7147,78.64,81,100,8.01,overcast clouds
529,Mandurah,AU,-32.55,115.7,54.91,80,17,6.13,few clouds
530,Fartura,BR,-23.3883,-49.51,71.04,41,1,14.79,clear sky
531,Mata,PT,40.683,-7.4592,81.93,32,98,7.54,overcast clouds
532,Bilibino,RU,68.0546,166.4372,27.32,82,100,3.47,overcast clouds
533,Hambantota,LK,6.1241,81.1185,79.43,79,36,16.89,scattered clouds
534,Gull Lake,CA,50.1001,-108.4847,63.73,47,100,2.84,overcast clouds
535,Kangaatsiaq,GL,68.3065,-53.4641,40.64,78,100,13.15,overcast clouds
536,Oksfjord,NO,70.2396,22.3479,48.38,96,100,5.39,light rain
537,Bage,BR,-31.3314,-54.1069,71.38,49,0,17.27,clear sky
538,Jodhpur,IN,26.2867,73.03,80.74,65,4,10.11,clear sky
539,Novyy Urengoy,RU,66.0833,76.6333,50.2,65,100,11.36,overcast clouds
540,Motygino,RU,58.1831,94.7592,41.22,92,47,1.92,scattered clouds
541,Bemidji,US,47.4736,-94.8803,68.05,81,40,0.0,scattered clouds
542,Karasburg,NA,-28.0167,18.75,71.02,34,100,10.85,overcast clouds
543,Qaqortoq,GL,60.7167,-46.0333,46.15,89,100,2.68,light rain
544,Oxapampa,PE,-10.5775,-75.4017,69.91,71,34,4.43,scattered clouds
545,Bundaberg,AU,-24.85,152.35,63.21,99,1,6.91,clear sky
546,Ayolas,PY,-27.4,-56.9,81.48,32,10,14.27,clear sky
547,Green Valley,US,31.8543,-110.9937,90.05,30,0,6.31,clear sky
548,Luganville,VU,-15.5333,167.1667,77.65,85,53,10.49,broken clouds
549,Tungor,RU,53.3808,142.9564,45.9,84,54,9.55,broken clouds
550,Harper,LR,4.375,-7.7169,78.67,76,74,11.1,broken clouds
551,Samarai,PG,-10.6167,150.6667,81.52,79,45,9.28,scattered clouds
552,Ritchie,ZA,-29.038,24.6028,63.61,27,55,6.4,broken clouds
553,Ferkessedougou,CI,9.6,-5.2,76.87,86,86,4.47,light rain
554,Gat,IL,31.61,34.7642,81.28,100,0,11.39,clear sky
555,Diu,IN,20.7141,70.9822,77.77,78,15,8.93,few clouds
556,Sorland,NO,67.667,12.6934,53.46,79,56,26.51,broken clouds
557,Jaguaribe,BR,-5.8906,-38.6219,98.51,22,54,5.06,broken clouds
558,Marrakesh,MA,31.6315,-8.0083,86.07,39,75,4.61,broken clouds
559,Yumen,CN,40.2833,97.2,65.61,34,60,8.21,broken clouds
560,Black River,JM,18.0264,-77.8487,89.37,59,2,6.62,clear sky
561,Margate,GB,51.3813,1.3862,62.91,49,25,7.0,scattered clouds
562,Sharjah,AE,25.3573,55.4033,93.49,49,0,6.91,clear sky
563,Cockburn Town,TC,21.4612,-71.1419,84.16,74,40,11.5,scattered clouds
564,Puerto Escondido,MX,15.85,-97.0667,75.61,95,100,1.86,overcast clouds
565,Yingkou,CN,40.6648,122.2283,68.38,87,27,1.5,scattered clouds
566,Vanderhoof,CA,54.0166,-124.0198,48.42,58,14,3.94,few clouds
567,Harindanga,IN,22.0383,88.3214,81.72,86,62,7.18,broken clouds
568,Coihaique,CL,-45.5752,-72.0662,43.41,52,20,6.91,few clouds
569,Waingapu,ID,-9.6567,120.2641,77.31,77,100,3.09,overcast clouds
570,Kasongo-Lunda,CD,-6.4667,16.8167,78.82,69,100,5.12,light rain
571,Burns Lake,CA,54.2331,-125.7533,33.22,61,33,3.18,scattered clouds
572,Hay River,CA,60.8156,-115.7999,51.78,82,75,6.91,broken clouds
573,Watsa,CD,3.0372,29.5355,66.42,96,96,1.57,overcast clouds
574,Thanatpin,MM,17.2119,96.3033,78.98,94,100,3.53,overcast clouds
575,Kraslava,LV,55.8951,27.168,52.83,82,100,10.8,overcast clouds
576,Spring Valley,US,36.108,-115.245,83.5,27,0,3.44,clear sky
577,Vuktyl,RU,63.8567,57.3094,53.26,65,100,8.84,overcast clouds
578,George,ZA,-33.963,22.4617,54.95,94,100,2.3,light rain
579,Cabedelo,BR,-6.9811,-34.8339,84.87,65,73,14.47,broken clouds
580,Rancho Palos Verdes,US,33.7445,-118.387,72.59,77,42,5.01,scattered clouds
581,Oum Hadjer,TD,13.2954,19.6966,79.41,71,97,9.1,overcast clouds
582,Leon,MX,21.1167,-101.6667,72.82,45,81,11.95,broken clouds
583,Bellmead,US,31.594,-97.1089,90.45,58,40,9.22,scattered clouds
584,Kidal,ML,18.4411,1.4078,98.85,25,39,12.57,scattered clouds
585,Umba,RU,66.6871,34.3429,50.52,91,100,10.83,light rain
586,Sijunjung,ID,-0.6876,100.9537,72.09,98,100,2.62,overcast clouds
587,Genhe,CN,50.7833,121.5167,41.13,95,78,2.51,broken clouds
588,Huilong,CN,31.8111,121.655,76.93,94,5,9.48,clear sky
589,Tacoronte,ES,28.4769,-16.4102,75.52,80,40,18.41,scattered clouds
590,Xinmin,CN,41.9908,122.8253,61.52,94,6,6.06,clear sky
591,Ninghai,CN,29.2892,121.4247,71.47,91,0,5.75,clear sky
592,Bonfim,BR,3.0833,-59.95,90.93,48,50,5.26,light rain
593,Olafsvik,IS,64.8945,-23.7142,48.49,76,90,7.27,overcast clouds
594,Prestea,GH,5.4327,-2.1428,80.74,67,92,7.56,overcast clouds
595,Polson,US,47.6936,-114.1632,60.73,66,2,3.0,clear sky
596,Saucillo,MX,28.0167,-105.2833,82.69,39,0,5.5,clear sky
597,Tazmalt,DZ,36.3868,4.3989,82.29,54,4,9.33,clear sky
598,Nishihara,JP,26.1842,127.7558,81.68,89,100,35.68,overcast clouds
599,Balsta,SE,59.5671,17.5278,55.49,76,98,9.98,overcast clouds
600,Maumere,ID,-8.6199,122.2111,78.24,81,79,0.51,broken clouds
601,Acapulco,MX,16.8634,-99.8901,75.9,97,100,17.49,overcast clouds
602,Yulara,AU,-25.2406,130.9889,58.28,27,0,7.63,clear sky
603,Zhmerynka,UA,49.037,28.112,53.2,97,100,5.01,overcast clouds
604,Makurdi,NG,7.7411,8.5121,75.16,90,82,5.73,broken clouds
605,Porto Belo,BR,-27.1578,-48.5531,70.79,60,26,8.41,scattered clouds
606,Agadez,NE,19.75,10.25,99.72,12,22,2.26,few clouds
607,Port Blair,IN,11.6667,92.75,80.74,82,100,14.74,overcast clouds
608,Aromashevo,RU,56.8602,68.6375,50.07,49,14,11.48,few clouds
609,Evanston,US,42.0411,-87.6901,84.15,59,20,10.36,few clouds
610,Talaya,RU,61.3833,152.75,29.84,76,4,3.42,clear sky
611,Alvik,SE,60.7477,14.8746,54.25,78,93,7.78,overcast clouds
612,Bhuvanagiri,IN,11.4667,79.6333,82.0,79,78,12.26,broken clouds
613,Susanville,US,40.4163,-120.653,62.1,45,0,8.01,clear sky
614,Port Pirie,AU,-33.1833,138.0167,50.22,75,10,8.84,clear sky
615,Fairbanks,US,64.8378,-147.7164,43.14,89,75,3.44,broken clouds
616,Katobu,ID,-4.9408,122.5276,75.2,88,98,4.03,overcast clouds
617,Gaffney,US,35.0718,-81.6498,81.57,52,0,4.27,clear sky
618,Klyuchi,RU,52.2667,79.1667,48.51,40,0,7.72,clear sky
619,Khudumelapye,BW,-23.8833,24.75,71.33,12,0,2.17,clear sky
620,Sandpoint,US,48.2766,-116.5533,60.03,71,0,3.44,clear sky
621,Lagoa Da Canoa,BR,-9.8297,-36.7378,81.03,53,46,11.14,scattered clouds
622,Atar,MR,20.5169,-13.0499,95.43,18,18,8.59,few clouds
623,Comodoro Rivadavia,AR,-45.8667,-67.5,49.86,37,20,14.97,few clouds
624,Sumbawanga,TZ,-7.9667,31.6167,73.2,37,20,0.0,few clouds
625,Mahon,ES,39.8885,4.2658,73.96,53,20,17.27,few clouds
626,Egvekinot,RU,66.3167,-179.1667,35.56,91,100,15.66,overcast clouds
627,North Bend,US,43.4065,-124.2243,56.16,97,20,4.61,few clouds
628,Waynesville,US,35.4887,-82.9887,76.86,41,4,2.84,clear sky
629,Pobe,BJ,6.9801,2.6649,78.51,82,100,4.03,light rain
630,Camopi,GF,3.1655,-52.3158,98.29,30,13,4.74,few clouds
631,Kurchum,KZ,48.5722,83.6542,54.03,43,0,2.75,clear sky
632,Cervo,ES,43.6702,-7.4101,67.96,73,100,20.47,overcast clouds
633,Anadyr,RU,64.75,177.4833,41.5,86,75,17.9,light rain
634,Xiamen,CN,24.4798,118.0819,84.25,89,75,2.24,broken clouds
635,Roald,NO,62.5833,6.1333,53.76,81,75,16.11,light intensity shower rain
636,Port Hawkesbury,CA,45.6169,-61.3485,61.18,65,75,18.01,broken clouds
637,Kalabo,ZM,-14.97,22.6814,78.58,20,22,3.04,few clouds
638,Abu Samrah,SY,35.3029,37.1841,85.05,34,0,10.54,clear sky
639,Trumbull,US,41.3167,-80.7665,78.1,52,46,5.99,scattered clouds
640,Westport,US,41.1415,-73.3579,73.18,64,100,4.0,overcast clouds
641,Erzin,TR,36.9559,36.2,77.36,77,0,3.78,clear sky
642,Lufilufi,WS,-13.8745,-171.5986,76.78,80,45,20.58,light rain
643,Poum,NC,-20.2333,164.0167,74.14,70,0,15.97,clear sky
644,Vilhena,BR,-12.7406,-60.1458,89.82,40,0,3.44,clear sky
645,Domoni,KM,-12.2569,44.5319,74.91,71,17,2.62,few clouds
646,Milan,IT,45.4643,9.1895,72.61,37,0,4.61,clear sky
647,Arman,RU,59.7,150.1667,39.97,58,1,5.97,clear sky
648,Ostrovnoy,RU,68.0531,39.5131,48.06,98,100,10.04,overcast clouds
649,Hammerfest,NO,70.6634,23.6821,46.85,100,100,19.57,overcast clouds
650,Ahuimanu,US,21.4447,-157.8378,75.16,90,79,6.69,broken clouds
651,Micheweni,TZ,-4.9667,39.8333,74.32,79,93,9.82,overcast clouds
652,Tabou,CI,4.423,-7.3528,78.62,78,61,11.03,broken clouds
653,New Castle,US,41.0037,-80.347,80.29,66,100,5.75,overcast clouds
654,Kasempa,ZM,-13.4584,25.8338,75.85,25,69,4.38,broken clouds
655,Andilamena,MG,-17.0167,48.5833,55.98,94,14,7.4,few clouds
656,Lander,US,42.833,-108.7307,61.39,60,75,3.6,broken clouds
657,Puerto Baquerizo Moreno,EC,-0.9,-89.6,68.99,78,100,9.22,overcast clouds
658,Ati,TD,13.2154,18.3353,80.33,73,97,9.31,overcast clouds
659,Beloha,MG,-25.1667,45.05,71.22,59,44,4.09,light rain
660,Ayorou,NE,14.7308,0.9174,95.16,33,56,8.25,broken clouds
661,Orzhytsya,UA,49.7918,32.7012,52.61,96,100,10.63,moderate rain
662,The Valley,AI,18.217,-63.0578,81.07,80,100,29.89,overcast clouds
663,Yerbogachen,RU,61.2767,108.0108,29.62,76,9,3.78,clear sky
664,Tarana,IN,23.3333,76.0333,72.0,86,19,6.42,few clouds
665,Kemijarvi,FI,66.7131,27.4306,48.54,96,100,9.35,light rain
666,Sovetskoye,RU,52.2861,85.4131,43.56,69,3,5.03,clear sky
667,Beaufort,MY,5.3473,115.7455,75.94,91,100,2.62,moderate rain
668,Ponta Delgada,PT,37.7333,-25.6667,79.52,61,20,10.36,few clouds
669,Florida Ridge,US,27.5803,-80.3867,86.95,73,99,7.0,overcast clouds
670,Pingshan,CN,22.9938,114.7131,79.32,81,77,2.98,broken clouds
671,Altagracia De Orituco,VE,9.8601,-66.3814,90.28,47,47,8.63,scattered clouds
672,Borovoy,RU,55.4333,86.0833,45.68,70,0,4.47,clear sky
673,Borshchiv,UA,48.8033,26.0435,56.86,86,100,2.13,overcast clouds
674,Stranda,NO,62.3096,6.9358,51.35,96,100,1.3,light rain
675,Kingisepp,RU,59.3733,28.6134,52.0,93,99,9.95,light rain
676,Jaisalmer,IN,26.9147,70.9181,84.22,58,13,17.74,few clouds
677,Cabrero,CL,-37.0333,-72.4,41.0,96,100,4.52,overcast clouds
678,Torres,BR,-29.3353,-49.7269,66.83,65,32,12.68,scattered clouds
679,Moerai,PF,-22.4333,-151.3333,72.03,75,96,17.96,light rain
680,Sungai Pelek,MY,2.6449,101.717,77.13,88,20,3.44,few clouds
